Name,BLength,BWidth,BDepth,Wing,Tarsus,Mass,PyS.A,PyS.G,PyS.T,PyS.B,PyS.M,PyS.R,D.V,D.I,D.S,D.F,D.O,D.N,H.f,H.o
Abroscopus_albogularis,5.475,2.5,2.1,43.5,15.6,5,0,0,0,0,1,0,0,1,0,0,0,0,1,0
Abroscopus_schisticeps,5.5,2.875,2.25,49.5,16,4.7,0,0,0,0,1,0,0,1,0,0,0,0,1,0
Abroscopus_superciliaris,6.5,2.7,2.7,50.75,17.15,6.5,0,0,0,0,1,0,0,1,0,0,0,0,1,0
Acanthis_flavirostris,7.45,5.1,6.25,81,18.35,15.4,0,1,0,0,0,0,0,0,1,0,0,0,0,1
Aceros_nipalensis,187,50.78,76.295,455,70.505,2385,0,0,1,0,0,0,0,0,0,1,0,0,1,0
Aceros_undulatus,183,51.79,81.065,480,67.98,2232.5,0,0,1,0,0,0,0,0,0,1,0,0,1,0
Acridotheres_fuscus,17.21,6.88,7.425,125.75,36.84,82.8,0,1,0,0,0,0,0,0,0,0,1,0,1,0
Acridotheres_ginginianus,15.915,6.365,6.745,121.5,36.78,72,0,1,0,0,0,0,0,0,0,0,1,0,0,1
Acridotheres_grandis,17.125,7.51,8.06,140.5,40.03,98,0,1,0,0,0,0,0,0,0,0,1,0,0,1
Acridotheres_tristis,17.455,7.77,9.225,144,41.935,116.6,0,1,0,0,0,0,0,0,0,0,1,0,0,1
Acrocephalus_concinens,8.2,3.415,3.085,56,22.84,8.3,0,0,0,1,0,0,0,1,0,0,0,0,0,0
Acrocephalus_stentoreus,16.53,5.495,4.955,86.75,30.835,24.2,0,0,0,1,0,0,0,1,0,0,0,0,0,0
Actinodura_egertoni,9.1,4.1,4.85,82.5,30.3,36,0,0,0,0,1,0,0,0,0,0,1,0,1,0
Actinodura_nipalensis,10.43333333,4.177777778,10.01111111,87,31.925,44,0,0,0,0,1,0,0,0,0,0,1,0,1,0
Actinodura_waldeni,10.675,4.275,5.1,95.5,33.85,47.5,0,0,0,0,1,0,0,0,0,0,1,0,1,0
Aegithalos_concinnus,4.9,2.525,3.25,52.5,17.2,6.1,0,0,0,0,1,0,0,1,0,0,0,0,1,0
Aegithalos_iouschistos,5.15,2.075,2.8,56.25,17.25,7,0,0,0,0,1,0,0,1,0,0,0,0,1,0
Aegithalos_leucogenys,4.516666667,2.583333333,3.35,57.33333333,19,7,0,0,0,0,1,0,0,1,0,0,0,0,0,0
Aegithalos_niveogularis,5.55,2.2,3,60,18.25,7.8,0,0,0,0,1,0,0,1,0,0,0,0,1,0
Aegithina_tiphia,10.63,3.69,4.015,66.375,19.15,14.4,0,0,1,0,0,0,0,0,0,0,1,0,1,0
Aegolius_funereus,NA,NA,NA,NA,NA,144,1,0,0,0,0,0,1,0,0,0,0,0,0,0
Aerodramus_brevirostris,3,1.75,1.85,126.5,11.35,12.6,1,0,0,0,0,0,0,1,0,0,0,0,0,1
Aethopyga_gouldiae,12.2,3.2,2.3,56,14,6.125,0,0,1,0,0,0,0,0,0,0,0,1,1,0
Aethopyga_ignicauda,16.625,3.9,2.65,58,15.65,8.2,0,0,1,0,0,0,0,0,0,0,0,1,1,0
Aethopyga_nipalensis,16.65,3,3.1,54.5,16.1,7,0,0,1,0,0,0,0,0,0,0,0,1,1,0
Aethopyga_saturata,15.95,3,3.1,52,14.55,5.3,0,0,1,0,0,0,0,0,0,0,0,1,1,0
Aethopyga_siparaja,15.95,3.7,2.85,62,14.7,6.7,0,0,1,0,0,0,0,0,0,0,0,1,1,0
Alauda_gulgula,11.225,4.54,4.85,90.25,24.72,26.3,0,1,0,0,0,0,0,1,0,0,0,0,0,1
Alcedo_atthis,32.83,5.945,7.84,66.75,9.815,35,0,0,0,0,0,0,0,0,0,1,0,0,0,0
Alcedo_hercules,48.25,7.86,11.14,98,10.48,64,0,0,0,0,0,0,0,0,0,1,0,0,0,0
Alcedo_meninting,34.845,6.29,8.175,66,11.245,20.6,0,0,0,0,0,0,0,0,0,1,0,0,0,0
Alcippe_nipalensis,7.263333333,3.083333333,3.8125,59.08333333,23,15.8,0,0,0,0,1,0,0,1,0,0,0,0,1,0
Alcippe_poioicephala,7.95,3.425,4,66.5,21.35,20.7,0,0,0,0,1,0,0,1,0,0,0,0,1,0
Alophoixus_flaveolus,11.28,4.75,6.585,103.5,22.3,45.65,0,0,0,0,1,0,0,0,0,1,0,0,1,0
Amandava_amandava,8.1,4.95,5.355,47.75,13.965,9,0,0,0,1,0,0,0,0,1,0,0,0,0,1
Ammomanes_deserti,NA,NA,NA,NA,NA,23.8,0,1,0,0,0,0,0,0,1,0,0,0,0,0
Ammomanes_phoenicurus,NA,NA,NA,NA,NA,25.6,0,1,0,0,0,0,0,0,1,0,0,0,0,0
Anthracoceros_albirostris,126.94,37.605,79.83,300.5,59.72,786.75,0,0,1,0,0,0,0,0,0,1,0,0,1,0
Anthus_hodgsoni,9.37,4.08,3.735,81.6,22.605,21.3,0,1,0,0,0,0,0,1,0,0,0,0,1,0
Anthus_roseatus,9.105,3.205,3.235,90.5,23.435,21,0,1,0,0,0,0,0,1,0,0,0,0,0,1
Anthus_rufulus,9.15,3.545,3.62,82.5,27.21,20.7,0,1,0,0,0,0,0,1,0,0,0,0,0,1
Anthus_similis,11.67,4.48,4.665,98,28.245,25.3,0,1,0,0,0,0,0,1,0,0,0,0,0,1
Anthus_sylvanus,10.36,4.385,5.01,81.5,23.5,31,0,1,0,0,0,0,0,1,0,0,0,0,0,1
Anthus_trivialis,8.825,3.92,3.545,86.75,22.2,21.88,0,1,0,0,0,0,0,1,0,0,0,0,1,0
Apus_acuticauda,5.95,4.65,2.65,182,14.4,46.25330183,1,0,0,0,0,0,0,1,0,0,0,0,0,0
Apus_affinis,5.315,5.07,2.77,131,10.745,22.78,1,0,0,0,0,0,0,1,0,0,0,0,0,1
Apus_apus,5.705,4.325,3.155,170.75,12.23,37.6,1,0,0,0,0,0,0,1,0,0,0,0,0,1
Apus_pacificus,5.67,4.13,2.89,153.8,10.04,39.9,1,0,0,0,0,0,0,1,0,0,0,0,0,1
Arachnothera_longirostra,31.59,5.2,4.563333333,64.16666667,16.2,12.55,0,0,0,0,1,0,0,0,0,0,0,1,1,0
Arachnothera_magna,35.95,6.1,5.3,94.25,21.7,30.7,0,0,0,0,1,0,0,0,0,0,0,1,1,0
Artamus_fuscus,13.175,7.7175,8.1075,133.875,17.1475,39.8,0,0,1,0,0,0,0,1,0,0,0,0,1,0
Athene_brama,13.455,6.84,10.71,162.5,27.17,115,0,0,1,0,0,0,0,1,0,0,0,0,1,0
Athene_noctua,13.45,7.605,11.35,160.5,25.375,172.75,0,0,1,0,0,0,0,1,0,0,0,0,0,0
Batrachostomus_hodgsoni,12.265,14.735,5.735,115.5,15.56,51,0,0,0,0,1,0,0,1,0,0,0,0,1,0
Blythipicus_pyrrhotis,36.45,9.35,11.3,148.5,26.5,132,0,1,0,0,0,0,0,1,0,0,0,0,1,0
Brachypteryx_hyperythra,7.5,2.7,3.4,62.5,30.225,16.2,0,1,0,0,0,0,0,1,0,0,0,0,1,0
Brachypteryx_leucophrys,7.65,2.96,3.1,57.75,27.85,15.8,0,1,0,0,0,0,0,1,0,0,0,0,1,0
Brachypteryx_montana,8.278,3.148,3.246,66.86,32.4425,17.7,0,1,0,0,0,0,0,1,0,0,0,0,1,0
Bradypterus_luteoventris,7.655,2.77,3.235,53,18.955,13.2,0,0,0,1,0,0,0,1,0,0,0,0,0,1
Bradypterus_major,12.5,2.91,3.21,59.5,23.12,13.6492891,0,0,0,1,0,0,0,1,0,0,0,0,0,1
Bradypterus_mandelli,6.92,2.67,2.7,53.5,19.075,11.3,0,0,0,1,0,0,0,1,0,0,0,0,0,1
Bradypterus_thoracicus,7.25,2.45,2.775,55.5,20.25,10.8,0,0,0,1,0,0,0,1,0,0,0,0,0,1
Bubo_bengalensis,25.04,12.805,21.165,374,78.025,1100,0,0,0,1,0,0,0,1,0,0,0,0,1,0
Bubo_bubo,25.325,17.8,24.7,383.5,76.4,2781.25,1,0,0,0,0,0,1,0,0,0,0,0,0,0
Bubo_coromandus,NA,NA,NA,NA,NA,NA,1,0,0,0,0,0,1,0,0,0,0,0,0,0
Bubo_nipalensis,32.715,16.47,26.21,400,59.24,1100,1,0,0,0,0,0,1,0,0,0,0,0,1,0
Bucanetes_mongolicus,9.3,6.53,7.855,91.5,17.515,28.63374665,0,1,0,0,0,0,0,0,1,0,0,0,0,0
Buceros_bicornis,268,55.96,120,532.5,87.89,2798.5,0,0,1,0,0,0,0,0,0,1,0,0,1,0
Cacomantis_merulinus,13.015,5.445,4.985,115.5,20.95,25.3,0,0,1,0,0,0,0,1,0,0,0,0,1,0
Cacomantis_passerinus,14.275,6.3,6.19,115.55,18.265,25.3,0,0,1,0,0,0,0,1,0,0,0,0,1,0
Cacomantis_sonneratii,9.885,6.76,5.635,123.9,16.065,33.8,0,0,1,0,0,0,0,1,0,0,0,0,1,0
Calandrella_acutirostris,9.55,4.365,4.92,94.5,21.5,20.25,0,1,0,0,0,0,0,1,0,0,0,0,0,0
Calandrella_raytal,11.61,4.345,4.69,80.5,19.78,18.5,0,1,0,0,0,0,0,1,0,0,0,0,0,0
Callacanthis_burtoni,11.195,8.04,8.66,98,20.25,29,0,1,0,0,0,0,0,0,1,0,0,0,1,0
Caprimulgus_affinis,7.6,5.195,3.365,197,21.785,82,1,0,0,0,0,0,0,1,0,0,0,0,1,0
Caprimulgus_asiaticus,NA,NA,NA,NA,NA,42,1,0,0,0,0,0,0,1,0,0,0,0,0,0
Caprimulgus_europaeus,7.56,4.515,2.725,199.5,18.15,67,1,0,0,0,0,0,0,1,0,0,0,0,0,0
Caprimulgus_jotaka,7.675,5.485,3.535,206,17.59,84,1,0,0,0,0,0,0,1,0,0,0,0,1,0
Caprimulgus_macrurus,8.755,5.06,3.2,209.5,20.6,66.2,1,0,0,0,0,0,0,1,0,0,0,0,1,0
Carduelis_carduelis,11.715,6.08,6.995,79.25,14.155,16,0,0,0,1,0,0,0,0,1,0,0,0,0,1
Carduelis_spinoides,9.62,7.06,7.82,76.65,15.69,18.6,0,0,0,1,0,0,0,0,1,0,0,0,0,1
Carpodacus_edwardsii,10.285,7.92,8.17,79.8,23.81,26.5,0,1,0,0,0,0,0,0,1,0,0,0,0,1
Carpodacus_erythrinus,8.605,7.55,7.8,83.5,19.31,24,0,0,0,1,0,0,0,0,1,0,0,0,1,0
Carpodacus_grandis,11.665,8.45,9.755,88.6,21.105,33.5,0,1,0,0,0,0,0,0,1,0,0,0,0,1
Carpodacus_nipalensis,9.81,5.41,5.725,87.25,21.655,22.3,0,0,0,1,0,0,0,0,1,0,0,0,0,1
Carpodacus_pulcherrimus,8.82,6.095,6.875,72.65,19.24,19.2,0,1,0,0,0,0,0,0,1,0,0,0,0,1
Carpodacus_rhodochlamys,11.665,8.45,9.755,88.6,21.105,33.5,0,1,0,0,0,0,0,0,1,0,0,0,0,0
Carpodacus_rodochroa,8,5.755,6.615,71.25,20.075,17.875,0,0,0,1,0,0,0,0,1,0,0,0,0,1
Carpodacus_rodopeplus,10.33,7.77,8.755,81,23.54,23,0,1,0,0,0,0,0,0,1,0,0,0,0,1
Carpodacus_rubescens,10.75,6.57,7.73,82,19.46,24.15,0,1,0,0,0,0,0,0,1,0,0,0,0,1
Carpodacus_rubicilloides,12.14,9.13,10.74,105.75,23.485,42.05,0,1,0,0,0,0,0,0,0,1,0,0,0,1
Carpodacus_severtzovi,11.65,8.545,10.2,118,23.155,43.5,0,1,0,0,0,0,0,0,0,1,0,0,0,1
Carpodacus_thura,9.675,7.63,8.485,85.5,25.455,32.7,0,1,0,0,0,0,0,0,1,0,0,0,0,1
Carpodacus_vinaceus,9.67,7.1,7.62,71,21.84,22.15,0,0,0,1,0,0,0,0,1,0,0,0,0,1
Centropus_bengalensis,13.73,7.05,9.89,140.75,39.51,120,0,0,0,1,0,0,1,0,0,0,0,0,1,0
Centropus_sinensis,22.68,8.84,14.575,203.5,53.195,252,0,0,0,1,0,0,1,0,0,0,0,0,1,0
Cephalopyrus_flammiceps,6.4375,2.8,2.975,59.375,13.9,7,0,0,1,0,0,0,0,1,0,0,0,0,1,0
Cercomela_fusca,10.945,4.945,4.25,90.75,25.89,12.7,0,1,0,0,0,0,0,1,0,0,0,0,0,1
Certhia_discolor,10.4,2.45,2.45,70.5,17.55,10.4,0,0,0,0,1,0,0,1,0,0,0,0,1,0
Certhia_familiaris,11.73,2.025,2.725,70,17.7,9,0,0,0,0,1,0,0,1,0,0,0,0,1,0
Certhia_himalayana,15.275,2.48,2.575,69,16.5,8.8,0,0,0,0,1,0,0,1,0,0,0,0,1,0
Certhia_nipalensis,9.905,2.6,2.55,71,19.7,11.1,0,0,0,0,1,0,0,1,0,0,0,0,1,0
Ceryle_lugubris,53.51,12.125,17.26,181.5,13.675,271.5,0,0,0,0,1,0,1,0,0,0,0,0,0,0
Ceryle_rudis,50.5,10.91,12.475,137.5,10.345,84.4,0,0,0,0,1,0,1,0,0,0,0,0,0,0
Cettia_brunnescens,6.466666667,2.233333333,2.183333333,52.66666667,21.85,5.95,0,0,0,1,0,0,0,1,0,0,0,0,0,1
Cettia_brunnifrons,5.26,1.98,2.025,45.4,18.31666667,7.5,0,0,0,1,0,0,0,1,0,0,0,0,0,1
Cettia_flavolivacea,6.4,2.583333333,2.2,57,22.72,8,0,0,0,1,0,0,0,1,0,0,0,0,0,1
Cettia_fortipes,5.9,2.166666667,2.433333333,54.33333333,22.5,10.4,0,0,0,1,0,0,0,1,0,0,0,0,0,1
Cettia_major,7.25,2.266666667,2.35,62.33333333,26.6,9.454257908,0,0,0,1,0,0,0,1,0,0,0,0,0,1
Cettia_pallidipes,7,2.233333333,2.633333333,52,20.36666667,8.49,0,0,0,1,0,0,0,1,0,0,0,0,0,1
Ceyx_erithaca,28.52,7.23,7.29,57,9.33,17.75,0,0,0,1,0,0,1,0,0,0,0,0,1,0
Chaetornisstriatus,NA,NA,NA,NA,NA,NA,0,0,0,1,0,0,0,1,0,0,0,0,0,0
Chaimarrornis_leucocephalus,8.72,3.34,3.58,94.8,31.48,40.4,0,0,0,0,0,1,0,1,0,0,0,0,0,0
Chalcoparia_singalensis,9.85,2.85,3.25,54.5,17.75,8.2,0,0,0,0,1,0,0,1,0,0,0,0,1,0
Chalcophaps_indica,11.765,3.61,4.415,150.8,26.27,121,0,1,0,0,0,0,0,0,1,0,0,0,1,0
Chelidorhynx_hypoxantha,4.05,2.575,1.75,57.75,15.575,5.5,0,0,1,0,0,0,0,1,0,0,0,0,1,0
Chloropsis_aurifrons,16.01,5.01,5.205,96.35,19.44,32.5,0,0,1,0,0,0,0,0,0,0,1,0,1,0
Chloropsis_hardwickii,15.69,5.01,5.71,95.75,19.32,32.75,0,0,1,0,0,0,0,0,0,0,1,0,1,0
Chrysococcyx_maculatus,12.41,5.29,5.055,107.5,19.59,24,0,0,1,0,0,0,0,1,0,0,0,0,1,0
Chrysococcyx_xanthorhynchus,13.495,5.85,5.425,106.5,13.635,21,0,0,1,0,0,0,0,1,0,0,0,0,1,0
Chrysocolaptes_lucidus,41.2,11.7,12.7,179,30.5,142,0,0,1,0,0,0,0,1,0,0,0,0,1,0
Chrysomma_sinense,7.75,3.6,5.05,70,26.25,19.3,0,0,0,1,0,0,0,1,0,0,0,0,1,0
Cinclidium_frontale,9.315,3.15,3.815,93.5,27.9,25.4,0,1,0,0,0,0,0,1,0,0,0,0,1,0
Cinclus_cinclus,12.595,3.655,4.32,98,30.12,61.7,0,0,0,0,0,1,0,1,0,0,0,0,0,0
Cinclus_pallasii,16.56,4.775,5.2,104.05,31.07,76,0,0,0,0,0,1,0,1,0,0,0,0,0,0
Cinnyris_asiaticus,14.65,3.15,3.05,57.5,15.7,8.1,0,0,1,0,0,0,0,0,0,0,0,1,1,0
Cissa_chinensis,25.5975,11.335,13.8725,148.75,46.2925,126.75,0,0,0,0,1,0,0,1,0,0,0,0,1,0
Cisticola_exilis,7.41,2.91,2.425,46.45,19.415,7.05,0,0,0,1,0,0,0,1,0,0,0,0,1,0
Cisticola_juncidis,7.61,2.645,2.695,50.95,19.035,6.85,0,0,0,1,0,0,0,1,0,0,0,0,1,0
Clamator_coromandus,22.295,9.075,9.365,161.55,25.67,77,0,0,1,0,0,0,0,1,0,0,0,0,1,0
Clamator_jacobinus,17.22,6.375,8.245,147.2,26.295,72,0,0,1,0,0,0,0,1,0,0,0,0,1,0
Cochoa_purpurea,10,6,5.7,140,27.8,103,0,0,1,0,0,0,0,0,0,0,1,0,1,0
Cochoa_viridis,11.4,6.8,5.9,142,30.2,106.75,0,0,1,0,0,0,0,0,0,0,1,0,1,0
Coloeus_monedula,23.1425,11.38,13.61,239.7666667,44.2,246,0,1,0,0,0,0,0,1,0,0,0,0,0,1
Columba_hodgsonii,12.07333333,4.623333333,5.27,222.6666667,24.74333333,310.9,0,0,1,0,0,0,0,0,0,1,0,0,1,0
Columba_leuconota,15.25,5.25,4.8,229.5,31.25,284.75,0,1,0,0,0,0,0,0,1,0,0,0,0,1
Columba_livia,17,6.025,6.375,225.5,31,354.5,0,1,0,0,0,0,0,0,1,0,0,0,0,1
Columba_palumbus,13.325,5.95,5.975,261.5,26.25,490,0,1,0,0,0,0,0,0,1,0,0,0,0,0
Columba_pulchricollis,12.9825,5.595,5.6775,203.075,25.3725,330,0,0,1,0,0,0,0,0,0,1,0,0,1,0
Columba_rupestris,10.18,3.95,4.3,229,28.1,245.5,0,1,0,0,0,0,0,0,1,0,0,0,0,0
Conostoma_oemodium,17.2,9.075,12,132,41.8,84,0,0,0,1,0,0,0,0,1,0,0,0,1,0
Copsychus_malabaricus,11.82,4.2,4.95,92.5,26.14,29.35,0,1,0,0,0,0,0,1,0,0,0,0,1,0
Copsychus_saularis,13.21428571,4.6,5.25,100.125,31.75,36,0,1,0,0,0,0,0,1,0,0,0,0,1,0
Coracias_benghalensis,28.935,11.58,14.575,191.5,28.265,158,0,0,1,0,0,0,0,1,0,0,0,0,0,1
Coracias_garrulus,27.905,10.485,13.735,198.5,24.975,146,0,0,1,0,0,0,0,1,0,0,0,0,0,0
Coracina_macei,18.665,11.635,10.94,170,26.85,118,0,0,1,0,0,0,0,1,0,0,0,0,1,0
Coracina_melanoptera,11.11,4.975,5.44,100.5,18.55,29.6,0,0,1,0,0,0,0,1,0,0,0,0,1,0
Coracina_melaschistos,12.7575,6.23,6.065,118.5,21.81,43,0,0,1,0,0,0,0,1,0,0,0,0,1,0
Corvus_corax,42.2,20.21,24.81,421,65,941,0,1,0,0,0,0,0,0,0,0,1,0,0,1
Corvus_corone,36.695,14.905,19.055,335,55.25,570,0,1,0,0,0,0,0,0,0,0,1,0,1,0
Corvus_culminatus,40.65,15.5,21.45,291,53.55,336,0,1,0,0,0,0,0,0,0,0,1,0,1,0
Corvus_japonensis,38.305,15.775,22.045,337.5,57.05,487,0,1,0,0,0,0,0,0,0,0,1,0,1,0
Corvus_levaillantii,43,15.95,22.45,311,57.4,487,0,1,0,0,0,0,0,0,0,0,1,0,1,0
Corvus_splendens,33.3775,14.1825,18.28,277.875,49.5975,293.5,0,1,0,0,0,0,0,0,0,0,1,0,0,1
Cuculus_canorus,16.065,7.285,7.895,218.4,20.14,115,0,0,1,0,0,0,0,1,0,0,0,0,1,0
Cuculus_micropterus,20.025,7.845,9.13,197.05,19.44,119,0,0,1,0,0,0,0,1,0,0,0,0,1,0
Cuculus_poliocephalus,14.115,6.1,6.03,147.55,15.89,47.5,0,0,1,0,0,0,0,1,0,0,0,0,1,0
Cuculus_saturatus,17.3,7.27,8.235,185.85,17.29,90.6,0,0,1,0,0,0,0,1,0,0,0,0,1,0
Culicicapa_ceylonensis,6.2,3.525,2.49,62.5,13.8,7.7,0,0,0,0,1,0,0,1,0,0,0,0,1,0
Cutia_nipalensis,12.15,4.7,6,94.75,34.95,47.5,0,0,0,0,1,0,0,1,0,0,0,0,1,0
Cyornis_banyumas,NA,NA,NA,NA,NA,14.5,0,0,0,1,0,0,0,1,0,0,0,0,1,0
Cyornis_magnirostris,10.95,5.6,4.4,81.5,19,18.71331583,0,0,0,0,0,0,0,1,0,0,0,0,1,0
Cyornis_poliogenys,8.9,4.714285714,3.762857143,73.85714286,19.4625,15.7,0,0,0,1,0,0,0,1,0,0,0,0,1,0
Cyornis_rubeculoides,8.44,4.433333333,3.65,71.5,17.34,14.2,0,0,0,1,0,0,0,1,0,0,0,0,1,0
Cyornis_tickelliae,8.15,4.25,3.7,72.75,19.15,14.6,0,0,0,1,0,0,0,1,0,0,0,0,1,0
Cyornis_unicolor,9.575833333,4.989166667,3.970833333,81.16666667,17.56,21,0,0,0,0,1,0,0,1,0,0,0,0,1,0
Cypsiurus_balasiensis,3.28,2.955,1.87,112.5,11.26,9.2,1,0,0,0,0,0,0,1,0,0,0,0,0,1
Delichon_dasypus,4.96,3.305,2.225,100,11.85,18,1,0,0,0,0,0,0,1,0,0,0,0,0,1
Delichon_nipalense,4.4,3.25,2.85,92,10.925,15,1,0,0,0,0,0,0,1,0,0,0,0,0,1
Delichon_urbicum,4.766666667,4.266666667,3.216666667,108.3333333,11.1,14.5,1,0,0,0,0,0,0,1,0,0,0,0,0,1
Dendrocitta_formosae,22.7525,11.7925,14.3125,138.8,30.115,94,0,0,1,0,0,0,0,0,0,0,1,0,1,0
Dendrocitta_frontalis,21.235,11.475,14.645,133.75,29.835,97,0,0,1,0,0,0,0,0,0,0,1,0,1,0
Dendrocitta_vagabunda,21.3425,11.4775,14.305,154.25,36,100,0,0,1,0,0,0,0,0,0,0,1,0,1,0
Dendrocopos_assimilis,NA,NA,NA,NA,NA,NA,0,0,0,0,1,0,0,1,0,0,0,0,0,0
Dendrocopos_auriceps,17.85,6.05,5.7,114,19.1,40,0,0,0,0,1,0,0,1,0,0,0,0,1,0
Dendrocopos_canicapillus,12.7,4.7,5.1,87.5,14.95,25.9,0,0,1,0,0,0,0,1,0,0,0,0,1,0
Dendrocopos_cathpharius,14.2,4.95,5.35,100.75,17.2,31,0,0,1,0,0,0,0,1,0,0,0,0,1,0
Dendrocopos_darjellensis,28.125,9.055,7.4,133,23.75,71,0,0,1,0,0,0,0,1,0,0,0,0,1,0
Dendrocopos_himalayensis,20.65,6.95,7.1,123.5,24.29,68,0,0,0,0,1,0,0,1,0,0,0,0,1,0
Dendrocopos_macei,20.4,6.3,6.4,108.75,18.575,40.6,0,0,0,0,1,0,0,1,0,0,0,0,1,0
Dendrocopos_mahrattensis,NA,NA,NA,NA,NA,34.3,0,0,0,0,1,0,0,1,0,0,0,0,0,0
Dendrocopos_nanus,13.185,4.79,4.555,78.05,14.19,15.8,0,0,1,0,0,0,0,1,0,0,0,0,0,0
Dicaeum_agile,5.825,3.1,3.65,60.25,13.725,9,0,0,1,0,0,0,0,0,0,1,0,0,1,0
Dicaeum_chrysorrheum,7.55,3.4,3.45,59,14.7,9,0,0,1,0,0,0,0,0,0,1,0,0,1,0
Dicaeum_cruentatum,7.4,2.875,2.9,49.75,12.225,6.2,0,0,1,0,0,0,0,0,0,1,0,0,1,0
Dicaeum_erythrorhynchos,7.35,3.3,3.3,49.5,12.95,6.3,0,0,1,0,0,0,0,0,0,1,0,0,1,0
Dicaeum_ignipectus,6.7,3.415,2.87,48.5,12.35,5.9,0,0,1,0,0,0,0,0,0,1,0,0,1,0
Dicaeum_melanoxanthum,6,3.8,3.65,73.5,16,12.5,0,0,1,0,0,0,0,0,0,1,0,0,1,0
Dicaeum_minullum,6.7,2.8,2.8,45.25,12.35,5.9,0,0,1,0,0,0,0,0,0,1,0,0,1,0
Dicrurus_aeneus,14.01,8.1425,6.1325,126.1,15.3825,23.1,0,0,1,0,0,0,0,1,0,0,0,0,1,0
Dicrurus_annectans,15.35,9.8875,9.28,145,20.9425,44,0,0,1,0,0,0,0,1,0,0,0,0,1,0
Dicrurus_caerulescens,15.645,8.695,8.2825,131.325,20.6,40,0,0,1,0,0,0,0,1,0,0,0,0,1,0
Dicrurus_hottentottus,25.6375,10.575,11.1575,152.55,25.2775,79.2,0,0,1,0,0,0,0,0,0,0,0,1,1,0
Dicrurus_leucophaeus,18.2075,9.0875,9.1,142.5,18.6225,37.6,0,0,1,0,0,0,0,1,0,0,0,0,1,0
Dicrurus_macrocercus,16.7,8.555,8.8875,150.575,23.4225,48.3,0,0,1,0,0,0,0,1,0,0,0,0,0,1
Dicrurus_paradiseus,25.3225,11.0975,12.84,170,29.475,71,0,0,1,0,0,0,0,1,0,0,0,0,1,0
Dicrurus_remifer,16.3975,8.415,8.81,143,20.5125,43.1,0,0,1,0,0,0,0,1,0,0,0,0,1,0
Dinopium_benghalense,28.6,8.6,9.75,152.5,27,100,0,0,0,0,1,0,0,1,0,0,0,0,1,0
Dinopium_shorii,29.5,8.8,9.5,162,27.65,101,0,0,0,0,1,0,0,1,0,0,0,0,1,0
Dryonastes_caerulatus,16.33,5.98,6.945,109.5,41.35,86,0,0,0,1,0,0,0,0,0,1,0,0,1,0
Dryonastes_gularis,21.08,6.805,8.065,103.25,39.64,92,0,1,0,0,0,0,0,1,0,0,0,0,1,0
Dryonastes_ruficollis,15.41,5.495,6.85,108,36.79,66.5,0,1,0,0,0,0,0,1,0,0,0,0,1,0
Ducula_aenea,17.56,7.78,6.62,232,31.335,545,0,0,1,0,0,0,0,0,0,1,0,0,1,0
Ducula_badia,16.965,9.015,8.43,240.25,28.935,486,0,0,1,0,0,0,0,0,0,1,0,0,1,0
Dumetia_hyperythra,8.34,3.455,4.545,57.6,20.05,12.9,0,0,0,1,0,0,0,1,0,0,0,0,1,0
Emberiza_buchanani,9.265,4.94,5.2,87.5,19.1,21.2,0,1,0,0,0,0,0,0,1,0,0,0,0,0
Emberiza_cia,8.56,4.545,5.475,82.15,20.11,23.45,0,1,0,0,0,0,0,0,1,0,0,0,0,1
Emberiza_fucata,8.045,5.91,5.855,72.9,22.16,19.8,0,1,0,0,0,0,0,0,1,0,0,0,0,1
Emberiza_godlewskii,8.375,4.1,5.7,88.5,23.6,19,0,0,0,0,0,0,0,0,0,0,0,0,0,1
Emberiza_pusilla,8.17,4.21,5.035,70.5,17.875,NA,NA,NA,NA,NA,NA,NA,NA,NA,NA,NA,NA,NA,NA,NA
Emberiza_stewarti,7.865,4.14,5.17,78.3,18.425,17,0,1,0,0,0,0,0,0,1,0,0,0,0,0
Enicurus_immaculatus,12.585,4.175,3.88,90,25.595,25.5,0,0,0,0,0,1,0,1,0,0,0,0,1,0
Enicurus_leschenaulti,17.235,4.97,5.145,109.75,33.125,33.8,0,0,0,0,0,1,0,1,0,0,0,0,1,0
Enicurus_maculatus,15.1,4.48,4.55,106.5,29.47,41,0,0,0,0,0,1,0,1,0,0,0,0,1,0
Enicurus_schistaceus,13.14,4.55,4.055,100,29.11,31,0,0,0,0,0,1,0,1,0,0,0,0,1,0
Enicurus_scouleri,7.835,2.35,2.99,78.2,25.465,14,0,0,0,0,0,1,0,1,0,0,0,0,1,0
Eremophila_alpestris,10.225,4.625,5.5,97.5,21.2,30.2,0,1,0,0,0,0,0,0,1,0,0,0,0,1
Eremopterix_grisea,NA,NA,NA,NA,NA,16,0,1,0,0,0,0,0,0,1,0,0,0,0,0
Eremopterix_nigriceps,NA,NA,NA,NA,NA,14,0,1,0,0,0,0,0,0,1,0,0,0,0,0
Erpornis_zantholeuca,9.93,3.02,3.97,67,16.1,11.8,0,0,1,0,0,0,0,1,0,0,0,0,1,0
Eudynamys_scolopaceus,20.75,10.13,11.1,194,34.76,180,0,0,0,0,1,0,0,0,0,1,0,0,1,0
Eumyias_thalassinus,6.738333333,4.521666667,3.218333333,83.41666667,15.85,17.7,0,0,1,0,0,0,0,1,0,0,0,0,1,0
Euodice_malabarica,7.72,5.835,7.295,54.5,13.455,12,0,1,0,0,0,0,0,0,1,0,0,0,0,1
Eurystomus_orientalis,18.185,13.625,13.32,194,19.155,138.6,0,0,1,0,0,0,0,1,0,0,0,0,0,1
Ficedula_hyperythra,6.1,3.305833333,2.95,60.33333333,18,8.2,0,0,0,1,0,0,0,1,0,0,0,0,1,0
Ficedula_monileger,7.325,3.7,2.9,60.5,21.45,11,0,0,0,1,0,0,0,1,0,0,0,0,1,0
Ficedula_sapphira,6.28,3.35,2.55,62,16.4,7.8,0,0,1,0,0,0,0,1,0,0,0,0,1,0
Ficedula_strophiata,6.4125,3.283333333,3.008333333,74.08333333,20,13,0,0,0,0,1,0,0,1,0,0,0,0,1,0
Ficedula_subrubra,6.55,3.325,2.8,67,20.1,10.4,0,0,0,0,1,0,0,1,0,0,0,0,1,0
Ficedula_superciliaris,6.77,3.482727273,2.989090909,63,16.05,8,0,0,1,0,0,0,0,1,0,0,0,0,1,0
Ficedula_tricolor,6.072727273,3.083333333,2.5625,60.41666667,19.25,8.3,0,0,0,1,0,0,0,1,0,0,0,0,1,0
Ficedula_westermanni,6.3,3.308333333,2.780833333,58.08333333,15.475,7.8,0,0,1,0,0,0,0,1,0,0,0,0,1,0
Fulvetta_ludlowi,5.75,2.425,3.33,56.5,23.5,12.34,0,0,0,1,0,0,0,1,0,0,0,0,0,0
Fulvetta_vinipectus,6.071428571,2.6,3.2,56.44444444,23,12,0,0,0,1,0,0,0,1,0,0,0,0,0,0
Galerida_cristata,14.565,5.055,5.07,100.5,24.385,40.5,0,1,0,0,0,0,0,0,1,0,0,0,0,0
Gampsorhynchus_rufulus,11.335,5.15,6.34,98,28.01,37,0,0,0,1,0,0,0,1,0,0,0,0,1,0
Garrulax_albogularis,15.755,6.265,7.29,132.25,44.45,98.5,0,1,0,0,0,0,0,1,0,0,0,0,1,0
Garrulax_leucolophus,16.795,5.755,7.82,136.5,47.64,123.5,0,1,0,0,0,0,0,0,0,0,1,0,1,0
Garrulax_monileger,18.415,6.44,7.54,129.5,41.785,84,0,1,0,0,0,0,0,1,0,0,0,0,1,0
Garrulax_pectoralis,23.295,7.58,9.305,142.5,49.35,145.5,0,1,0,0,0,0,0,1,0,0,0,0,1,0
Garrulus_glandarius,20.405,10.6525,11.81,177.625,41.6775,168,0,0,1,0,0,0,0,0,0,0,1,0,1,0
Garrulus_lanceolatus,16.3,8.885,11.555,153.375,37.2675,97.7,0,0,1,0,0,0,0,0,0,0,1,0,1,0
Gecinulus_grantia,19.3,8.6,8.4,130,25.3,76.5,0,0,0,0,1,0,0,1,0,0,0,0,0,0
Glaucidium_brodiei,9.845,5.205,8.985,91,19.8,58,0,0,0,0,1,0,0,1,0,0,0,0,1,0
Glaucidium_cuculoides,13.83,10.015,12.485,150.5,29.575,162.5,0,0,0,0,1,0,0,1,0,0,0,0,1,0
Glaucidium_radiatum,11.58,8.525,11.035,135.5,25.355,102,0,0,0,0,1,0,0,1,0,0,0,0,1,0
Gracula_religiosa,19.995,10.385,11.75,168.5,36.185,192,0,0,1,0,0,0,0,0,0,0,1,0,1,0
Gracupica_contra,19.45,6.11,6.73,120.35,33.75,84,0,1,0,0,0,0,0,1,0,0,0,0,0,1
Grammatoptila_striata,17.3,7.79,10.795,151,46.315,110.5,0,0,0,0,1,0,0,1,0,0,0,0,1,0
Grandala_coelicolor,10.5,3.84,3.9,145.4,30.24,45.6,0,1,0,0,0,0,0,1,0,0,0,0,1,0
Haematospiza_sipahi,12.545,9.835,11.73,101.5,21.41,39.5,0,0,0,0,1,0,0,0,1,0,0,0,1,0
Halcyon_coromanda,42.035,14.93,14.465,106,15.805,77.5,0,0,0,0,1,0,1,0,0,0,0,0,0,0
Halcyon_smyrnensis,37.965,12.61,12.155,116,16.745,91.4,0,0,0,0,1,0,0,1,0,0,0,0,0,0
Harpactes_erythrocephalus,12.395,8.66,10.53,153.5,17.08,80.3,0,0,0,0,1,0,0,1,0,0,0,0,1,0
Harpactes_wardi,10.85,7.95,10.75,161,16.7,119,0,0,0,0,1,0,0,1,0,0,0,0,1,0
Hemiprocne_coronata,4.475,3.345,1.93,170,9.385,29,1,0,0,0,0,0,0,1,0,0,0,0,1,0
Hemipus_picatus,9.6775,4.475,3.565,64.375,12.695,9,0,0,1,0,0,0,0,1,0,0,0,0,1,0
Hemixos_flavala,12.75,5.205,5.385,97.25,19.045,32.5,0,0,1,0,0,0,0,0,0,1,0,0,1,0
Heterophasia_annectans,8.8,3.65,4,80.5,25.7,24.5,0,0,1,0,0,0,0,1,0,0,0,0,1,0
Heterophasia_capistrata,12.89,4.34,4.76,95,31,39.4,0,0,0,0,1,0,0,1,0,0,0,0,1,0
Heterophasia_picaoides,15,4.533333333,4.866666667,118.5,28.05,42.4,0,0,1,0,0,0,0,1,0,0,0,0,1,0
Heterophasia_pulchella,15.825,5.095,5.195,107,31.465,41,0,0,1,0,0,0,0,1,0,0,0,0,1,0
Heteroxenicus_stellatus,7.946666667,3.256666667,3.313333333,76.66666667,32.3,23,0,0,0,1,0,0,0,1,0,0,0,0,1,0
Hierococcyx_nisicolor,15.5,9.15,8,175,22.5,81.05,0,0,0,0,1,0,0,1,0,0,0,0,1,0
Hierococcyx_sparverioides,18.87,8.48,8.305,221.75,26.69,151,0,0,1,0,0,0,0,1,0,0,0,0,1,0
Hierococcyx_varius,17.305,8.07,7.66,199.5,23.805,103,0,0,1,0,0,0,0,1,0,0,0,0,1,0
Hirundapus_caudacutus,6.56,4.84,4.07,198,17.16,95.5,1,0,0,0,0,0,0,1,0,0,0,0,0,1
Hirundapus_cochinchinensis,6.855,4.245,3.425,180,17.505,83.8,1,0,0,0,0,0,0,1,0,0,0,0,0,1
Hirundo_daurica,4.825,4.55,3,111.5,13.15,17.3,1,0,0,0,0,0,0,1,0,0,0,0,0,1
Hirundo_fluvicola,4.3,3.95,2.5,93,10.7,9.7,1,0,0,0,0,0,0,1,0,0,0,0,0,1
Hirundo_rustica,6.755,4.76,2.3,121.5,11.7,16,1,0,0,0,0,0,0,1,0,0,0,0,0,1
Hirundo_smithii,4.775,3.7,2.165,114,10.15,12.4,1,0,0,0,0,0,0,1,0,0,0,0,0,1
Hodgsonius_phaenicuroides,8.533333333,3.053333333,3.433333333,72,28.55,21.1,0,1,0,0,0,0,0,1,0,0,0,0,0,1
Hypopicus_hyperythrus,24.86,5.925,6.25,124,20.75,46.75,0,0,1,0,0,0,0,1,0,0,0,0,1,0
Hypothymis_azurea,9.376666667,5.323333333,3.906666667,72,16.12666667,11.1,0,0,0,0,1,0,0,1,0,0,0,0,1,0
Hypsipetes_leucocephalus,17.035,5.825,6.12,123.8,19.415,52.5,0,0,1,0,0,0,0,0,0,1,0,0,1,0
Hypsipetes_mcclellandi,18.105,5.94,5.695,107.5,17.845,32.5,0,0,1,0,0,0,0,0,0,1,0,0,1,0
Ianthocincla_ocellata,19.55,6.29,7.7,130.5,47.675,114,0,1,0,0,0,0,0,0,0,1,0,0,1,0
Ianthocincla_rufogularis,15.735,5.925,6.975,94.75,37.43,63,0,1,0,0,0,0,0,0,0,1,0,0,1,0
Indicator_xanthonotus,6.59,4.6,4.81,97.85,14.2,30.45,0,0,0,0,1,0,0,1,0,0,0,0,1,0
Irena_puella,18.36,8.22,8.715,136.9,19.925,64.9,0,0,1,0,0,0,0,0,0,1,0,0,1,0
Jynx_torquilla,11.28,5.315,4.47,84.5,19.98,35,0,0,0,0,1,0,0,1,0,0,0,0,0,0
Ketupa_flavipes,26.43,17.535,23.36,437.5,79.555,2315,0,0,0,0,1,0,1,0,0,0,0,0,0,0
Ketupa_zeylonensis,NA,NA,NA,NA,NA,2315,0,0,0,0,1,0,1,0,0,0,0,0,0,0
Lanius_meridionalis,11.065,6.44,9.37,116.5,25.8,61,0,0,0,1,0,0,0,1,0,0,0,0,0,0
Lanius_schach,11.7175,5.995,8.97,92.025,27.6875,51.55,0,0,0,1,0,0,0,1,0,0,0,0,0,1
Lanius_tephronotus,12.37,6.0225,7.7925,102.45,28.3125,46.75,0,0,0,1,0,0,0,1,0,0,0,0,0,1
Lanius_vittatus,10.6125,4.99,6.395,87.15,23.0475,20.8,0,0,0,1,0,0,0,1,0,0,0,0,0,1
Leiothrix_argentauris,9.366666667,4.111111111,5.033333333,76,25.73333333,28.4,0,0,0,1,0,0,0,1,0,0,0,0,1,0
Leiothrix_lutea,7.78,3.49,8.23,68.6,25.3,21.4,0,0,0,1,0,0,0,1,0,0,0,0,1,0
Leptopoecile_sophiae,5.7,1.95,2.25,50.25,19.675,6.9,0,0,0,1,0,0,0,1,0,0,0,0,1,0
Leucosticte_brandti,9.89,6.97,7.985,115.75,21.245,30.4,0,1,0,0,0,0,0,0,1,0,0,0,0,1
Leucosticte_nemoricola,9.33,6.6,6.86,101,20.415,22.7,0,1,0,0,0,0,0,0,1,0,0,0,0,1
Liocichla_bugunorum,NA,NA,NA,NA,NA,37.2,0,0,0,1,0,0,0,0,0,0,1,0,1,0
Liocichla_phoenicea,9.8,4.2,5.675,87,35.3,49,0,0,0,1,0,0,0,0,0,0,1,0,1,0
Lioparus_chrysotis,4.866666667,2.653333333,3.033333333,51.66666667,20.63333333,11.79,0,0,0,1,0,0,0,1,0,0,0,0,0,0
Lonchura_atricapilla,8.945,6.945,8.32,54.9,17.785,12.7,0,1,0,0,0,0,0,0,1,0,0,0,0,1
Lonchura_punctulata,9.025,7.095,7.96,54.4,15.475,13.6,0,1,0,0,0,0,0,0,1,0,0,0,0,1
Lonchura_striata,8.405,6.295,7.415,53,14.04,12.3,0,1,0,0,0,0,0,0,1,0,0,0,0,1
Loriculus_vernalis,11.92,6.5,9.21,93.2,9.24,27.4,0,0,1,0,0,0,0,0,0,1,0,0,1,0
Loxia_curvirostra,13.195,6.975,8.2,80.6,14.885,38.5,0,0,1,0,0,0,0,0,1,0,0,0,1,0
Luscinia_brunnea,7.87,3.01,3.44,75.1,27.05,17.5,0,1,0,0,0,0,0,1,0,0,0,0,1,0
Luscinia_pectoralis,9.02,2.962857143,3.481428571,72.85714286,30.7,23.35,0,1,0,0,0,0,0,1,0,0,0,0,1,0
Luscinia_svecica,8.875,2.75,3.1,70.75,28.25,17.3,0,1,0,0,0,0,0,1,0,0,0,0,1,0
Macronous_gularis,8.675,3.1,3.5,60,19.3,11.45,0,0,0,1,0,0,0,1,0,0,0,0,1,0
Macropygia_unchall,11.08,4.26,4.97,197.55,26.305,168,0,0,1,0,0,0,0,0,0,1,0,0,1,0
Malacocincla_abbotti,12.675,4,5.8,78,26.3,29.25,0,0,0,1,0,0,0,1,0,0,0,0,1,0
Megalaima_asiatica,17.265,9.48,10.995,103.5,26.75,90.5,0,0,1,0,0,0,0,0,0,1,0,0,1,0
Megalaima_australis,14.295,7.6,8.135,86.25,19.505,33.3,0,0,1,0,0,0,0,0,0,1,0,0,1,0
Megalaima_franklinii,17.95,10.2,11.175,103.85,26.865,63.5,0,0,1,0,0,0,0,0,0,1,0,0,1,0
Megalaima_haemacephala,13.775,9.295,9.545,79.5,19.74,44.55,0,0,1,0,0,0,0,0,0,1,0,0,1,0
Megalaima_lineata,25.89,11.45,14.28,128.65,34.76,149,0,0,1,0,0,0,0,0,0,1,0,0,1,0
Megalaima_virens,32.955,13.7,17.06,140.25,33.775,202,0,0,1,0,0,0,0,0,0,1,0,0,1,0
Megalaima_zeylanica,25.365,11.575,13.745,118,31.725,102,0,0,1,0,0,0,0,0,0,1,0,0,1,0
Megalurus_palustris,12.395,4.25,4.76,96.5,36.26,44.85,0,0,0,1,0,0,0,1,0,0,0,0,0,1
Melanochlora_sultanea,11.37857143,5.421428571,14.45714286,108.5714286,24.4,37.6,0,0,1,0,0,0,0,1,0,0,0,0,1,0
Melanocorypha_maxima,21.41,6.57,8.05,148,30.95,75,0,1,0,0,0,0,0,0,1,0,0,0,0,0
Melophus_lathami,9.34,5.745,6.33,82.5,21.205,21.9,0,1,0,0,0,0,0,0,1,0,0,0,0,1
Merops_apiaster,31.635,7.735,7.98,147,13.705,56.6,0,0,1,0,0,0,0,1,0,0,0,0,0,0
Merops_leschenaulti,28.775,6.755,6.16,107,10.98,27.2,0,0,1,0,0,0,0,1,0,0,0,0,0,1
Merops_orientalis,23.2,6.32,5.12,92.05,10.2,14.8,0,0,1,0,0,0,0,1,0,0,0,0,0,1
Merops_persicus,34.4,7.05,7.625,155.5,13.535,49.3,0,0,1,0,0,0,0,1,0,0,0,0,0,1
Merops_philippinus,35.355,7.135,7.8,131.5,13.465,34,0,0,1,0,0,0,0,1,0,0,0,0,0,1
Microhierax_caerulescens,10.235,8.245,9.185,108.1,22.115,40,1,0,0,0,0,0,1,0,0,0,0,0,1,0
Microhierax_melanoleucus,10.83,7.845,9.455,116,23.25,NA,NA,NA,NA,NA,NA,NA,NA,NA,NA,NA,NA,NA,NA,NA
Micropternus_brachyurus,18.2,7.25,7.95,131.5,21.3,69.5,0,0,1,0,0,0,0,1,0,0,0,0,1,0
Minla_cyanouroptera,7.84,3.25,3.8,63.2,22.85,17,0,0,0,0,1,0,0,1,0,0,0,0,1,0
Minla_ignotincta,6.790909091,2.863636364,3.072727273,63.72727273,19.8,14.3,0,0,0,0,1,0,0,1,0,0,0,0,1,0
Minla_strigula,7,3.45,3.96,66.2,26.1,19.2,0,0,0,0,1,0,0,1,0,0,0,0,1,0
Mirafra_assamica,NA,NA,NA,NA,NA,26.2,0,1,0,0,0,0,0,0,1,0,0,0,0,0
Mirafra_erythroptera,NA,NA,NA,NA,NA,21.3,0,1,0,0,0,0,0,0,1,0,0,0,0,0
Monticola_cinclorhynchus,13.33333333,4.733333333,5.277777778,103.4444444,25.07666667,36,0,0,1,0,0,0,0,1,0,0,0,0,1,0
Monticola_rufiventris,14.37,5.56,6.09,122.7,28.03333333,53.2,0,0,1,0,0,0,0,1,0,0,0,0,1,0
Monticola_solitarius,16,4.88,5.32,118.8,28.56666667,53.75,0,1,0,0,0,0,0,1,0,0,0,0,1,0
Montifringilla_adamsi,11.895,7.725,7.395,104,22.265,37.72681033,0,1,0,0,0,0,0,0,1,0,0,0,0,0
Montifringilla_blanfordi,10.21,8.275,9.495,95.6,19.325,33.65629369,0,1,0,0,0,0,0,0,1,0,0,0,0,0
Montifringilla_taczanowskii,NA,NA,NA,NA,NA,NA,0,1,0,0,0,0,0,0,1,0,0,0,0,0
Motacilla_alba,10.82,3.775,3.52,94.85,24.515,22.76,0,1,0,0,0,0,0,1,0,0,0,0,0,1
Motacilla_cinerea,10.67,3.7,3.46,91.05,19.74,17.6,0,1,0,0,0,0,0,1,0,0,0,0,0,1
Motacilla_citreola,12.475,4.155,3.435,86.45,26.26,19.25,0,1,0,0,0,0,0,1,0,0,0,0,0,1
Motacilla_maderaspatensis,12.215,4.41,3.77,93.5,26.07,30.5,0,1,0,0,0,0,0,1,0,0,0,0,0,1
Mulleripicus_pulverulentus,47,13.25,13.75,240.5,40.2,461.5,0,0,1,0,0,0,0,1,0,0,0,0,1,0
Muscicapa_dauurica,8.1,5.028571429,3.528571429,71.21428571,14.55,9.8,0,0,0,0,1,0,0,1,0,0,0,0,1,0
Muscicapa_ferruginea,6.09,4.48,2.96,69.2,14.5,12,0,0,0,0,1,0,0,1,0,0,0,0,1,0
Muscicapa_ruficauda,7.748,3.912,3.382,75.8,16.9,13.3,0,0,0,0,1,0,0,1,0,0,0,0,1,0
Muscicapa_sibirica,5.40375,3.5875,2.5125,73.125,11.75,13.2,0,0,0,0,1,0,0,1,0,0,0,0,1,0
Muscicapella_hodgsoni,6.088888889,2.43,2.348,53.1,16.1,5,0,0,0,1,0,0,0,1,0,0,0,0,1,0
Mycerobas_affinis,18.475,12.745,15.325,124.1,26.42,76.75,0,0,1,0,0,0,0,0,1,0,0,0,1,0
Mycerobas_carnipes,18.365,14.17,16.1,113.95,27.565,59,0,0,0,1,0,0,0,0,1,0,0,0,1,0
Mycerobas_icterioides,18.575,14.015,15.85,130.75,26.605,67,0,0,1,0,0,0,0,0,0,1,0,0,1,0
Mycerobas_melanozanthos,19.24,17.06,20.23,132.5,25.315,62,0,0,1,0,0,0,0,0,1,0,0,0,1,0
Myiomela_leucura,10,3.433333333,4.255555556,95.55555556,27.875,25,0,1,0,0,0,0,0,1,0,0,0,0,1,0
Myophonus_caeruleus,18.85,7.05,9.775,172,52.125,158,0,0,0,0,0,1,0,1,0,0,0,0,1,0
Myzornis_pyrrhoura,9.745,3.115,2.59,62.25,24.595,11.9,0,0,0,1,0,0,0,1,0,0,0,0,1,0
Napothera_epilepidota,10.94,3.09,3.55,54.9,22.24,16,0,1,0,0,0,0,0,1,0,0,0,0,1,0
Niltava_grandis,10.93333333,5.325,5.033333333,104.4166667,25.2,30.3,0,0,0,0,1,0,0,1,0,0,0,0,1,0
Niltava_macgrigoriae,6.366666667,3.573333333,3.114166667,64.25,16.7,11.9,0,0,0,1,0,0,0,1,0,0,0,0,1,0
Niltava_sundara,8.416666667,4.345,3.864166667,80.66666667,21.6,21.1,0,0,0,1,0,0,0,1,0,0,0,0,1,0
Ninox_scutulata,12.955,8.605,11.6,222,26.475,199.5,0,0,0,0,1,0,0,1,0,0,0,0,1,0
Nucifraga_caryocatactes,35.9575,14.8375,15.62,218.125,43.0775,197.0833333,0,0,1,0,0,0,0,0,1,0,0,0,1,0
Nucifraga_multipunctata,38.395,12.865,14.245,205.55,41.295,173.75,0,0,1,0,0,0,0,0,1,0,0,0,1,0
Nyctyornis_athertoni,37.05,9.45,10.555,131.55,17.83,92,0,0,1,0,0,0,0,1,0,0,0,0,1,0
Ocyceros_birostris,88.72,22.925,39.2,228,43.885,375,0,0,1,0,0,0,0,0,0,1,0,0,0,0
Oenanthe_alboniger,12.03,4.5,4.56,104,27.195,25.2,0,1,0,0,0,0,0,1,0,0,0,0,0,0
Oenanthe_deserti,10.085,3.34,3.445,97.05,26.09,19.85,0,1,0,0,0,0,0,1,0,0,0,0,0,0
Oenanthe_picata,11.015,3.88,3.765,90.65,24.375,21.75,0,1,0,0,0,0,0,1,0,0,0,0,0,0
Oenanthe_pleschanka,9.92,4.155,3.145,90.8,22.965,19.4,0,1,0,0,0,0,0,1,0,0,0,0,0,0
Oriolus_kundoo,20.73,7.42,8.05,144,23.65,79,0,0,1,0,0,0,0,0,0,1,0,0,1,0
Oriolus_tenuirostris,23.525,7.88,9.21,152,25.395,82,0,0,1,0,0,0,0,0,0,1,0,0,1,0
Oriolus_traillii,22.02,7.3025,7.985,148.7,24.2725,74,0,0,1,0,0,0,0,0,0,1,0,0,1,0
Oriolus_xanthornus,22.065,8.0125,8.2325,140.875,26.105,56.3,0,0,1,0,0,0,0,0,0,1,0,0,1,0
Orthotomus_sutorius,9.405,2.73,2.54,46,19.96,7.5,0,0,0,1,0,0,0,1,0,0,0,0,1,0
Otus_bakkamoena,13.45,8.925,11.485,171,35.15,145,0,0,0,0,1,0,0,1,0,0,0,0,0,0
Otus_lettia,15.045,8.385,12.04,166,33.86,135,0,0,0,0,1,0,0,1,0,0,0,0,1,0
Otus_scops,13.865,9.3,10.65,159,22.875,92,0,0,0,0,1,0,0,1,0,0,0,0,0,0
Otus_spilocephalus,9.67,7.275,9.62,136.35,28.2,87.5,0,0,0,0,1,0,0,1,0,0,0,0,1,0
Otus_sunia,12.325,7.125,10.665,144.25,25.22,70,0,0,0,0,1,0,0,1,0,0,0,0,1,0
Paradoxornis_atrosuperciliaris,6.85,6.275,8.55,71.5,25.85,16.8,0,0,0,1,0,0,0,1,0,0,0,0,1,0
Paradoxornis_flavirostris,10.85,8.375,13.95,85,29.5,30.13,0,0,0,1,0,0,0,0,1,0,0,0,1,0
Paradoxornis_fulvifrons,4.525,4.5,5.225,54.5,19.45,6.4,0,0,0,1,0,0,0,0,1,0,0,0,1,0
Paradoxornis_gularis,9.63,6.055,9.215,87,26.455,29,0,0,0,1,0,0,0,0,1,0,0,0,1,0
Paradoxornis_nipalensis,4.535,4.185,5.78,50.5,17.43,5.5,0,0,0,1,0,0,0,1,0,0,0,0,1,0
Paradoxornis_ruficeps,10.3,7.1,12.2,85,25.4,32,0,0,0,1,0,0,0,1,0,0,0,0,1,0
Paradoxornis_unicolor,10.85,6.885,10.11,90.25,30.745,34,0,0,0,1,0,0,0,0,1,0,0,0,1,0
Parus_ater,6.2,2.81,2.8,59.6,18.15,9.2,0,0,1,0,0,0,0,1,0,0,0,0,1,0
Parus_dichrous,6.721428571,3.207142857,3.271428571,69.57142857,20.15,12.8,0,0,1,0,0,0,0,1,0,0,0,0,1,0
Parus_major,8.330769231,4.084615385,4.507692308,66,19.175,16.38,0,0,0,0,1,0,0,1,0,0,0,0,1,0
Parus_melanolophus,7.291666667,3.166666667,3.341666667,62.33333333,16.275,8.67,0,0,1,0,0,0,0,1,0,0,0,0,1,0
Parus_monticolus,7.6,3.7,4.111764706,66.17647059,19.4,14.1,0,0,0,0,1,0,0,1,0,0,0,0,1,0
Parus_rubidiventris,7.235294118,3.55,3.988888889,69,19.45,12,0,0,1,0,0,0,0,1,0,0,0,0,1,0
Parus_rufonuchalis,9.475,4.5,4.325,78.5,20.55,12.8,0,0,1,0,0,0,0,1,0,0,0,0,1,0
Parus_spilonotus,8.42,4.57,5.02,77.2,19.9,18.8,0,0,1,0,0,0,0,1,0,0,0,0,1,0
Parus_xanthogenys,8.259090909,3.909090909,4.872727273,69.81818182,18.5,14.85,0,0,1,0,0,0,0,1,0,0,0,0,1,0
Passer_domesticus,8.92,6.945,7.61,71.65,18.555,27.7,0,1,0,0,0,0,0,0,1,0,0,0,1,0
Passer_montanus,9.05,6.42,7.095,75.5,19.155,21.4,0,1,0,0,0,0,0,0,1,0,0,0,1,0
Passer_rutilans,8.805,6.255,6.195,70.7,18.52,18.5,0,1,0,0,0,0,0,0,1,0,0,0,1,0
Pelargopsis_capensis,NA,NA,NA,NA,NA,180,0,0,0,0,1,0,1,0,0,0,0,0,0,0
Pellorneum_albiventre,8.6,3.2,4,55.5,25.5,21.5,0,1,0,0,0,0,0,1,0,0,0,0,1,0
Pellorneum_ruficeps,10.9,3.4,4.85,71,27.3,26,0,1,0,0,0,0,0,1,0,0,0,0,1,0
Pellorneum_tickelli,9.05,2.85,3.65,67,27.65,17.1,0,1,0,0,0,0,0,1,0,0,0,0,1,0
Pericrocotus_brevirostris,7.3475,4.0475,3.9275,86.75,15.275,16.5,0,0,1,0,0,0,0,1,0,0,0,0,1,0
Pericrocotus_cinnamomeus,7.03,3.775,3.46,68.75,15.5875,8.6,0,0,1,0,0,0,0,1,0,0,0,0,1,0
Pericrocotus_ethologus,8.16,4.1175,3.9725,92.25,17.2,19,0,0,1,0,0,0,0,1,0,0,0,0,1,0
Pericrocotus_roseus,9.0725,5.0375,4.655,86.875,15.15,19.2,0,0,1,0,0,0,0,1,0,0,0,0,1,0
Pericrocotus_solaris,8.0725,4.03,4.2225,84,16.3625,14.5,0,0,1,0,0,0,0,1,0,0,0,0,1,0
Pericrocotus_speciosus,12.07,5.915,6.32,107,19.475,27.7,0,0,1,0,0,0,0,1,0,0,0,0,1,0
Petronia_xanthocollis,10.29,6.595,6.285,84.55,17.255,18.1,0,1,0,0,0,0,0,0,1,0,0,0,1,0
Phaenicophaeus_tristis,20.005,8.745,11.58,161,37.59,139,0,0,0,1,0,0,0,1,0,0,0,0,1,0
Phodilus_badius,19.26,9.03,15.245,220,25.33,281.5,0,0,0,0,1,0,1,0,0,0,0,0,1,0
Phoenicurus_coeruleocephala,7.3,2.975,3.05,81.25,22.675,14.9,0,1,0,0,0,0,0,1,0,0,0,0,0,1
Phoenicurus_erythrogastrus,10.74,3.675,3.34,109.95,27.985,24.55,0,1,0,0,0,0,0,1,0,0,0,0,0,1
Phoenicurus_frontalis,7.27,3.01,2.94,86.2,24.4,16,0,1,0,0,0,0,0,1,0,0,0,0,0,1
Phoenicurus_ochruros,8.425,3.05,2.95,85,25.55,16.5,0,1,0,0,0,0,0,1,0,0,0,0,0,1
Phoenicurus_schisticeps,7.933333333,3.166666667,3.166666667,85.33333333,25.7,18.1,0,1,0,0,0,0,0,1,0,0,0,0,0,1
Phyllergates_cucullatus,9.516666667,2.75,2.266666667,48.33333333,20.06666667,5.9,0,0,0,1,0,0,0,1,0,0,0,0,0,0
Phylloscopus_affinis,6.775,2.77,2.385,60,19.925,5.9,0,0,0,1,0,0,0,1,0,0,0,0,0,1
Phylloscopus_cantator,7.955,3,2.53,52.75,16.335,6,0,0,1,0,0,0,0,1,0,0,0,0,1,0
Phylloscopus_chloronotus,5.435,2.555,1.945,54.5,16.585,5.1,0,0,1,0,0,0,0,1,0,0,0,0,1,0
Phylloscopus_fuligiventer,7.58,2.72,2.44,58.65,21.015,9.25,0,0,0,1,0,0,0,1,0,0,0,0,0,1
Phylloscopus_griseolus,7.47,2.9,2.505,63.65,19.765,7.6,0,0,0,1,0,0,0,1,0,0,0,0,0,1
Phylloscopus_humei,5.86,2.425,2.13,61,18.595,6,0,0,1,0,0,0,0,1,0,0,0,0,1,0
Phylloscopus_maculipennis,5.305,2.46,1.92,50.75,17.855,5.1,0,0,1,0,0,0,0,1,0,0,0,0,1,0
Phylloscopus_magnirostris,8.1,3.81,3.1,69.65,20.265,11.6,0,0,0,1,0,0,0,1,0,0,0,0,1,0
Phylloscopus_occipitalis,8.12,2.91,2.805,66.05,19.29,9,0,0,1,0,0,0,0,1,0,0,0,0,1,0
Phylloscopus_pulcher,6.545,2.56,2.37,59.3,18.965,6.8,0,0,0,0,1,0,0,1,0,0,0,0,1,0
Phylloscopus_reguloides,7.395,3.21,2.615,58.45,17.79,7.8,0,0,1,0,0,0,0,1,0,0,0,0,1,0
Phylloscopus_sindianus,5.92,1.71,2.5,57.5,20.11,7.55,0,0,0,1,0,0,0,1,0,0,0,0,0,1
Phylloscopus_subviridis,5.625,2.1,2.075,55.5,18.5,5.5,0,0,1,0,0,0,0,1,0,0,0,0,1,0
Phylloscopus_trochiloides,6.63,2.76,2.465,60.65,19.025,8.1,0,0,1,0,0,0,0,1,0,0,0,0,1,0
Phylloscopus_tytleri,6.76,2.05,2.04,59.75,18.165,7.2,0,0,1,0,0,0,0,1,0,0,0,0,1,0
Phylloscopus_xanthoschistos,7.255,2.8,2.61,56.9,19.155,7.025,0,0,1,0,0,0,0,1,0,0,0,0,1,0
Pica_pica,27.6175,12.435,13.5375,211.75,51.22,206,0,1,0,0,0,0,0,0,0,0,1,0,1,0
Picumnus_innominatus,10.96,4.46,4.565,59,11.485,10.2,0,0,0,0,1,0,0,1,0,0,0,0,1,0
Picus_canus,28.3,9.65,9.35,141.5,28.95,137,0,0,0,0,1,0,0,1,0,0,0,0,1,0
Picus_chlorolophus,22.55,7.6,7.6,139,23.15,67,0,0,0,0,1,0,0,1,0,0,0,0,1,0
Picus_flavinucha,29,10.15,10.1,171,28.9,177.25,0,0,0,0,1,0,0,1,0,0,0,0,1,0
Picus_squamatus,32.85,9.85,9.6,157,30.8,170,0,0,0,0,1,0,0,1,0,0,0,0,1,0
Picus_xanthopygaeus,26.1,8.5,8.4,133.5,26.55,99.7,0,1,0,0,0,0,0,1,0,0,0,0,1,0
Pitta_brachyura,14.1,5.95,7.15,106,39.3,55.5,0,1,0,0,0,0,0,1,0,0,0,0,1,0
Pitta_nipalensis,19.65,7.7,10.15,123,54,124,0,1,0,0,0,0,0,1,0,0,0,0,1,0
Pitta_sordida,15.05,6.5,8.35,111,40.85,64.5,0,1,0,0,0,0,0,1,0,0,0,0,1,0
Ploceus_benghalensis,12.605,7.89,9.17,71.1,21.21,19.8,0,0,0,1,0,0,0,0,1,0,0,0,0,1
Ploceus_manyar,13.045,7.81,9.075,72.45,21.685,17.4,0,0,0,1,0,0,0,0,1,0,0,0,0,1
Ploceus_megarhynchus,15.44,8.24,10.9,80,26.37,34.5,0,0,0,1,0,0,0,0,1,0,0,0,0,1
Ploceus_philippinus,13.845,8.005,9.755,74.5,21.14,28.2,0,0,0,1,0,0,0,0,1,0,0,0,0,1
Pnoepyga_albiventer,8.005,3.3,3.12,59.4,24.185,20.9,0,1,0,0,0,0,0,1,0,0,0,0,1,0
Pnoepyga_immaculata,8.005,3.3,3.12,59.4,24.185,20.5,0,1,0,0,0,0,0,1,0,0,0,0,1,0
Pnoepyga_pusilla,8.26,3.195,2.67,48.3,19.235,12,0,1,0,0,0,0,0,1,0,0,0,0,1,0
Pomatorhinus_erythrocnemis,NA,NA,NA,NA,NA,58.75,0,1,0,0,0,0,0,1,0,0,0,0,1,0
Pomatorhinus_erythrogenys,25.7,5.275,6.7,98,37.44,54.9,0,1,0,0,0,0,0,1,0,0,0,0,1,0
Pomatorhinus_ferruginosus,18.8,3.9,6.4,89.5,33.7,40,0,1,0,0,0,0,0,1,0,0,0,0,1,0
Pomatorhinus_hypoleucos,33.955,6.39,7.24,109.5,42.255,75.6,0,1,0,0,0,0,0,1,0,0,0,0,0,0
Pomatorhinus_ruficollis,15.9,3.625,6,82.5,28.55,31.65,0,1,0,0,0,0,0,1,0,0,0,0,1,0
Pomatorhinus_schisticeps,20.925,4,6.8,98.5,34.05,43,0,1,0,0,0,0,0,1,0,0,0,0,1,0
Prinia_atrogularis,7.955,2.685,2.61,49.1,20.815,11.8,0,0,0,1,0,0,0,1,0,0,0,0,0,1
Prinia_buchanani,6.72,2.225,2.455,49.15,18.445,7,0,0,0,1,0,0,0,1,0,0,0,0,0,1
Prinia_burnesii,7.32,2.546666667,3.33,56.66666667,22.64333333,11.81006832,0,0,0,1,0,0,0,1,0,0,0,0,0,0
Prinia_cinerascens,NA,NA,NA,NA,NA,10.37,0,0,0,1,0,0,0,1,0,0,0,0,0,1
Prinia_cinereocapilla,6.925,2.55,2.45,41.55,20.225,5.848024,0,0,0,1,0,0,0,1,0,0,0,0,0,1
Prinia_crinigera,7.685,2.72,3.445,52.25,21.32,13.8,0,0,0,1,0,0,0,1,0,0,0,0,0,1
Prinia_flaviventris,8.24,2.65,2.445,45,20.12,7,0,0,0,1,0,0,0,1,0,0,0,0,0,1
Prinia_gracilis,6.085,2.335,2.28,46,17,7.1,0,0,0,1,0,0,0,1,0,0,0,0,0,1
Prinia_hodgsonii,7.105,2.39,2.32,48.75,19.985,6.4,0,0,0,1,0,0,0,1,0,0,0,0,0,1
Prinia_inornata,7.67,2.8,3.14,47.9,19.53,7,0,0,0,1,0,0,0,1,0,0,0,0,0,1
Prinia_polychroa,NA,NA,NA,NA,NA,11,0,0,0,1,0,0,0,1,0,0,0,0,0,1
Prinia_rufescens,8.19,3.09,2.76,45,20.25,6.5,0,0,0,1,0,0,0,1,0,0,0,0,0,1
Prinia_socialis,7.975,2.505,2.405,49.4,21,8,0,0,0,1,0,0,0,1,0,0,0,0,0,1
Prinia_sylvatica,9.28,3.195,3.55,60.55,22.34,16.1,0,0,0,1,0,0,0,1,0,0,0,0,0,1
Propyrrhula_subhimachala,9.06,9.17,9.805,95.5,22.33,46.18,0,0,0,1,0,0,0,0,1,0,0,0,1,0
Prunella_collaris,8.5,4.125,3.8,96.5,25.6,43.45,0,1,0,0,0,0,0,1,0,0,0,0,0,1
Prunella_fulvescens,8.3,4.025,3.55,74.5,20.8,18.9,0,1,0,0,0,0,0,1,0,0,0,0,0,1
Prunella_immaculata,8.175,4.15,3.75,79,21.8,20.7,0,1,0,0,0,0,0,1,0,0,0,0,0,1
Prunella_rubeculoides,8.35,3.7,3.425,80.75,23.8,26.43,0,1,0,0,0,0,0,1,0,0,0,0,0,1
Prunella_strophiata,7.1,3.65,3.4,66,20.3,18.2,0,1,0,0,0,0,0,1,0,0,0,0,0,1
Psarisomus_dalhousiae,15.9,12.925,9.5,101,27.7,67,0,0,1,0,0,0,0,1,0,0,0,0,1,0
Pseudopodoces_humilis,20.96,4.755,6.345,91.5,29.6,45.5,0,1,0,0,0,0,0,1,0,0,0,0,1,0
Psittacula_alexandri,26.04,15.605,25.54,169,15.89,150.5,0,0,1,0,0,0,0,0,0,1,0,0,1,0
Psittacula_cyanocephala,19.645,11.795,18.66,140.5,12.185,62,0,0,1,0,0,0,0,0,0,1,0,0,1,0
Psittacula_eupatria,35.835,21.295,38.79,224,19.08,228,0,0,1,0,0,0,0,0,0,1,0,0,1,0
Psittacula_finschii,21.6,13.325,19.77,147.35,14.815,89.46,0,0,1,0,0,0,0,0,0,1,0,0,1,0
Psittacula_himalayana,22.945,14.04,21.38,164.55,14.9,110.9,0,0,1,0,0,0,0,0,0,1,0,0,1,0
Psittacula_krameri,25.2,14.64,21.215,165.4,18.72,119,0,0,1,0,0,0,0,0,0,1,0,0,1,0
Psittacula_roseata,19.71,11.15,19.51,143.7,11.51,74.31771,0,0,1,0,0,0,0,0,0,1,0,0,1,0
Pteruthius_flaviscapis,9.68,5.273333333,6.236666667,83,26.98333333,39,0,0,1,0,0,0,0,1,0,0,0,0,1,0
Pteruthius_melanotis,5.34,3.253333333,3.97,60.33333333,19.56666667,13.3,0,0,0,0,1,0,0,1,0,0,0,0,1,0
Pteruthius_rufiventer,9.8,4.88,6.385,88,28.525,44.5,0,0,0,0,1,0,0,1,0,0,0,0,1,0
Pteruthius_xanthochlorus,5.045,3.355,3.69,61.5,20.6,14.3,0,0,0,0,1,0,0,1,0,0,0,0,1,0
Ptyonoprogne_rupestris,5.4,4.8,2.75,137,11.85,20.4,1,0,0,0,0,0,0,1,0,0,0,0,0,1
Pycnonotus_cafer,10.635,5.035,5.305,104.5,26.285,32.9,0,0,0,1,0,0,0,0,0,1,0,0,1,0
Pycnonotus_flaviventris,8.795,4.21,4.485,91.25,16.925,27.75,0,0,0,0,1,0,0,0,0,1,0,0,1,0
Pycnonotus_jocosus,10.12,4.56,5.02,85.75,21.785,29.55,0,0,0,0,1,0,0,0,0,1,0,0,1,0
Pycnonotus_leucogenys,9.92,4.23,4.815,88.75,21.985,36,0,0,0,1,0,0,0,0,0,1,0,0,1,0
Pycnonotus_leucotis,NA,NA,NA,NA,NA,23,0,0,0,1,0,0,0,0,0,1,0,0,0,0
Pycnonotus_striatus,10.06,4.885,5.335,109.75,19.715,52.5,0,0,1,0,0,0,0,0,0,1,0,0,1,0
Pyrrhocorax_graculus,23.3125,9.505,9.9325,279.75,44.87,211.5,0,1,0,0,0,0,0,1,0,0,0,0,0,1
Pyrrhocorax_pyrrhocorax,46.195,11.775,12.1975,303.75,50.42,287.5,0,1,0,0,0,0,0,1,0,0,0,0,1,0
Pyrrhoplectes_epauletta,8.825,6.65,7.1,78,20,19,0,0,0,1,0,0,0,0,1,0,0,0,1,0
Pyrrhospiza_punicea,12.28,8.415,8.925,101.5,25.455,46.75,0,1,0,0,0,0,0,0,1,0,0,0,0,1
Pyrrhula_aurantiaca,7.9875,7.625,7.7125,82.375,16.7625,19.5,0,0,0,1,0,0,0,0,0,1,0,0,1,0
Pyrrhula_erythaca,8.6,8.35,8.65,83,18.7,19,0,0,0,1,0,0,0,0,0,1,0,0,1,0
Pyrrhula_erythrocephala,8.585,9.02,8.995,81.05,17.605,22.8,0,0,0,1,0,0,0,0,0,1,0,0,1,0
Pyrrhula_nipalensis,9.705,10.125,9.845,88,17.07,24.6,0,0,1,0,0,0,0,0,0,1,0,0,1,0
Regulus_regulus,6.1,2.46,2.05,58.25,17.7,5.55,0,0,1,0,0,0,0,1,0,0,0,0,1,0
Rhipidura_albicollis,7.476666667,4.106666667,2.9,78,20.43666667,12.9,0,0,0,1,0,0,0,1,0,0,0,0,1,0
Rhipidura_aureola,8.315,4.465,3.15,87.1,19.29,11.2,0,0,0,1,0,0,0,1,0,0,0,0,1,0
Rhyacornis_fuliginosa,6.65,3.075,3,75.6,23.9,20.4,0,0,0,0,0,1,0,1,0,0,0,0,0,0
Rimator_malacoptilus,17.65,2.9,3.35,60.5,24.5,19.5,0,1,0,0,0,0,0,1,0,0,0,0,1,0
Riparia_chinensis,5.025,3.475,2.25,90.75,10.95,13.5,1,0,0,0,0,0,0,1,0,0,0,0,0,1
Saroglossa_spiloptera,15.885,6.105,5.48,109.1,22.74,47.5,0,0,0,0,1,0,0,0,0,0,1,0,0,1
Sasia_ochracea,11,3.945,4.7,54,13.35,9.7,0,0,0,0,1,0,0,1,0,0,0,0,1,0
Saxicola_caprata,7.475,3.475,3.775,67.5,20,15.2,0,1,0,0,0,0,0,1,0,0,0,0,0,1
Saxicola_ferreus,7.72,3.8,3.71,67.1,22.55,14.8,0,1,0,0,0,0,0,1,0,0,0,0,0,1
Saxicola_jerdoni,8.15,3.75,3.55,66,23.05,15.3,0,1,0,0,0,0,0,1,0,0,0,0,0,1
Saxicola_leucurus,7.7,3.825,3.5,70,22.85,15.3,0,1,0,0,0,0,0,1,0,0,0,0,0,1
Saxicola_macrorhyncha,NA,NA,NA,NA,NA,NA,NA,NA,NA,NA,NA,NA,NA,NA,NA,NA,NA,NA,NA,NA
Saxicola_torquatus,7.41,3.24,3.26,66.3,21.2,15.8,0,1,0,0,0,0,0,1,0,0,0,0,0,1
Saxicoloides_fulicatus,9.85,4.04,3.9,72.95,25.855,16.6,0,1,0,0,0,0,0,1,0,0,0,0,1,0
Schoeniparus_castaneceps,6.6,2.281818182,2.754545455,57.45454545,22.2,12.5,0,0,0,1,0,0,0,1,0,0,0,0,0,0
Schoeniparus_cinerea,6.925,2.675,2.8,54.5,20.3,11,0,0,0,1,0,0,0,1,0,0,0,0,0,0
Schoeniparus_dubia,7.15,2.95,3.9,62,22.95,17.5,0,0,0,1,0,0,0,1,0,0,0,0,0,0
Schoeniparus_rufogularis,7.6,2.9,3.725,60.5,23.5,17.3,0,0,0,1,0,0,0,1,0,0,0,0,0,0
Scolopax_rusticola,NA,NA,NA,NA,NA,308.3333333,0,1,0,0,0,0,0,1,0,0,0,0,1,0
Seicercus_affinis,7.38,3.095,2.84,56.5,16.925,7.95,0,0,0,1,0,0,0,1,0,0,0,0,1,0
Seicercus_burkii,7.295,3.39,2.635,59.6,19.845,7.3,0,0,0,1,0,0,0,1,0,0,0,0,1,0
Seicercus_castaniceps,5.1,2.35,2.38,28.35,16.3,5.3,0,0,1,0,0,0,0,1,0,0,0,0,1,0
Seicercus_poliogenys,6.83,3.13,2.57,51.2,17.32,6.3,0,0,0,1,0,0,0,1,0,0,0,0,1,0
Seicercus_whistleri,7.35,3.145,2.755,58.25,19.075,7.3,0,0,0,1,0,0,0,1,0,0,0,0,1,0
Serilophus_lunatus,12.05,9.575,6.85,85,19.7,34,0,0,1,0,0,0,0,1,0,0,0,0,1,0
Serinus_pusillus,6.7,5.18,5.41,75.15,14.34,11.6,0,1,0,0,0,0,0,0,1,0,0,0,0,1
Serinus_thibetanus,NA,NA,NA,NA,NA,10.5,0,0,1,0,0,0,0,0,1,0,0,0,0,0
Sitta_cashmirensis,12.75,4.25,3.875,84.75,19.2,19.1,0,0,1,0,0,0,0,1,0,0,0,0,1,0
Sitta_castanea,12.56666667,3.566666667,3.433333333,72.33333333,20.73333333,16.1,0,0,1,0,0,0,0,1,0,0,0,0,1,0
Sitta_cinnamoventris,14.025,4.625,4.8,81.75,19.875,19.6,0,0,1,0,0,0,0,1,0,0,0,0,1,0
Sitta_formosa,13.8,5,5.1,106,21.9,24.72372881,0,0,1,0,0,0,0,1,0,0,0,0,1,0
Sitta_frontalis,9.325,3,3.225,74.5,16.05,16.5,0,0,1,0,0,0,0,1,0,0,0,0,1,0
Sitta_himalayensis,10.35,5.175,3.475,73,17.75,14.5,0,0,1,0,0,0,0,1,0,0,0,0,1,0
Sitta_leucopsis,12.775,4.2,3.3,79.5,19.15,14.8,0,0,1,0,0,0,0,1,0,0,0,0,1,0
Spelaeornis_caudatus,6.46,2.753333333,3.236666667,48.26666667,19.19666667,11,0,0,0,1,0,0,0,1,0,0,0,0,1,0
Spelaeornis_formosus,7.825,2.525,3.2,48,20.025,11,0,0,0,1,0,0,0,1,0,0,0,0,1,0
Spelaeornis_troglodytoides,5.925,2.3,3,51,22.45,11,0,0,0,1,0,0,0,1,0,0,0,0,1,0
Sphenocichla_humei,17.5,4.5,6.7,73,28.1,34.1,0,0,0,1,0,0,0,1,0,0,0,0,1,0
Stachyridopsis_chrysaea,7.6,2.8,3.35,53,20.6,9,0,0,0,1,0,0,0,1,0,0,0,0,1,0
Stachyridopsis_pyrrhops,8.95,2.9,3.6,55,20.55,9.75,0,0,0,1,0,0,0,1,0,0,0,0,1,0
Stachyridopsis_ruficeps,8.95,2.8,3.3,55.25,20.6,10.3,0,0,0,1,0,0,0,1,0,0,0,0,1,0
Stachyridopsis_rufifrons,7.75,2.675,3.1,50.5,18.35,10.6,0,0,0,1,0,0,0,1,0,0,0,0,1,0
Stachyris_nigriceps,9.925,3.425,4.65,58,23.05,15.8,0,0,0,1,0,0,0,1,0,0,0,0,1,0
Staphida_castaniceps,5.615,2.95,3.075,61.25,17.15,11.8,0,0,0,0,1,0,0,1,0,0,0,0,1,0
Streptopelia_chinensis,10.765,3.505,3.87,140,22.62,159,0,1,0,0,0,0,0,0,1,0,0,0,1,0
Streptopelia_decaocto,10.3425,4.1175,3.93,171.975,24.455,149,0,1,0,0,0,0,0,0,1,0,0,0,1,0
Streptopelia_orientalis,10.88,4.095,3.895,192.4,25.54,233,0,1,0,0,0,0,0,0,1,0,0,0,1,0
Streptopelia_senegalensis,9.23,2.88,3.27,130.225,20.35,83.9,0,1,0,0,0,0,0,0,1,0,0,0,1,0
Streptopelia_tranquebarica,10.66333333,3.226666667,3.69,135.0333333,18.74666667,103,0,1,0,0,0,0,0,0,1,0,0,0,1,0
Strix_aluco,17.96,9.895,16.29,294.5,48.52,475,0,0,0,0,1,0,1,0,0,0,0,0,0,0
Strix_leptogrammica,21.35,12.265,18.14,340,57.535,600,0,0,0,0,1,0,1,0,0,0,0,0,1,0
Strix_nivicola,18.65,9.465,14.94,293.5,52.33,496.5,0,0,0,0,1,0,1,0,0,0,0,0,1,0
Sturnia_malabarica,13.915,6.095,5.945,103.15,25.01,39.6,0,0,1,0,0,0,0,0,0,0,1,0,0,1
Sturnus_vulgaris,20.535,6.37,6.365,120.35,30.535,86,0,1,0,0,0,0,0,0,0,0,1,0,0,1
Surniculus_lugubris,17.29,7.015,7.49,146,14.865,35,0,0,1,0,0,0,0,1,0,0,0,0,1,0
Sylvia_althaea,8.53,3.68,3.48,70.15,21.5,14.9,0,0,0,1,0,0,0,1,0,0,0,0,0,0
Sylviparus_modestus,5.054166667,2.65,2.8375,59.5,17.55,8.2,0,0,1,0,0,0,0,1,0,0,0,0,1,0
Syrrhaptes_tibetanus,NA,NA,NA,NA,NA,347,0,1,0,0,0,0,0,0,1,0,0,0,0,0
Taccocua_leschenaultii,17.445,7.475,11.665,158.75,41.18,179,0,0,0,1,0,0,0,1,0,0,0,0,1,0
Tachymarptis_melba,6.515,5.035,3.345,201,14.365,98.7,1,0,0,0,0,0,0,1,0,0,0,0,0,1
Tarsiger_chrysaeus,7.7,2.85,2.80625,66.125,29.15,13.8,0,1,0,0,0,0,0,1,0,0,0,0,1,0
Tarsiger_hyperythrus,6.1,2.85,3,76.5,25.1,12,0,1,0,0,0,0,0,1,0,0,0,0,1,0
Tarsiger_indicus,7.85,3,3.05,80,28.95,14.6,0,1,0,0,0,0,0,1,0,0,0,0,1,0
Tarsiger_rufilatus,6.85,2.863636364,2.963636364,82.18181818,26,14.8,0,1,0,0,0,0,0,1,0,0,0,0,1,0
Temenuchus_pagodarum,13.77,5.025,5.7,104.75,28.185,48.9,0,0,0,0,1,0,0,0,0,1,0,0,0,1
Tephrodornis_gularis,16.125,6.98,7.4325,118.75,20.66,37.8,0,0,1,0,0,0,0,1,0,0,0,0,1,0
Tephrodornis_pondicerianus,13.8875,6.52,6.3225,88.375,19.29,20.2,0,0,1,0,0,0,0,1,0,0,0,0,1,0
Terpsiphone_paradisi,13.415,7.05,5.065,92.525,16.4925,19.25,0,0,0,0,1,0,0,1,0,0,0,0,1,0
Tesia_castaneocoronata,6.375,2.715,2.275,50.45,22.02,8.8,0,1,0,0,0,0,0,1,0,0,0,0,1,0
Tesia_cyaniventer,7.915,3.805,2.755,49.6,24.67,9.7,0,1,0,0,0,0,0,1,0,0,0,0,1,0
Tesia_olivea,7.315,3.15,2.72,45.05,21.63,7,0,1,0,0,0,0,0,1,0,0,0,0,1,0
Tichodroma_muraria,17.8,3.15,2.455,104.5,22.9,17.6,0,0,0,0,0,0,0,1,0,0,0,0,0,1
Tickellia_hodgsoni,6.65,2.985,2.175,48,23.07,4.5,0,0,0,1,0,0,0,1,0,0,0,0,1,0
Timalia_pileata,10.95,3.45,5.55,60.5,23.65,16,0,0,0,1,0,0,0,1,0,0,0,0,1,0
Treron_apicauda,11.56666667,5.966666667,6.916666667,161,22.76666667,220,0,0,1,0,0,0,0,0,0,1,0,0,1,0
Treron_bicinctus,11.44,5.53,5.865,158.8,23.39,174,0,0,1,0,0,0,0,0,0,1,0,0,1,0
Treron_curvirostra,11.2,5.525,7.95,140.5,21.325,134.5,0,0,1,0,0,0,0,0,0,1,0,0,1,0
Treron_phayrei,11.35,4.35,6.15,152.5,24.75,219,0,0,1,0,0,0,0,0,0,1,0,0,1,0
Treron_phoenicopterus,13.7,7.21,7.9,196.75,27.925,235,0,0,1,0,0,0,0,0,0,1,0,0,1,0
Treron_sphenurus,11.575,6,6.275,178,23.325,210,0,0,1,0,0,0,0,0,0,1,0,0,1,0
Trochalopteron_affine,13.005,4.92,5.805,105,39.065,73,0,1,0,0,0,0,0,0,0,1,0,0,1,0
Trochalopteron_erythrocephalum,13.91,4.785,5.825,103,40.23,71.7,0,0,0,1,0,0,0,1,0,0,0,0,1,0
Trochalopteron_imbricatum,10.2,4.575,5.625,81,29.05,40.7,0,1,0,0,0,0,0,0,0,0,1,0,1,0
Trochalopteron_lineatum,9.69,4.035,5.045,80.25,29.32,40.7,0,1,0,0,0,0,0,0,0,0,1,0,1,0
Trochalopteron_squamatum,13.515,5.615,7.61,103,41.425,84,0,1,0,0,0,0,0,0,0,0,1,0,1,0
Trochalopteron_subunicolor,9.885,4.5,6.145,94.75,37.14,66,0,1,0,0,0,0,0,1,0,0,0,0,1,0
Trochalopteron_variegatum,12.87,4.97,6.23,104.25,39.195,64.5,0,0,0,1,0,0,0,1,0,0,0,0,1,0
Troglodytes_troglodytes,8.255,2.235,2.315,50,19.66,9.325,0,1,0,0,0,0,0,1,0,0,0,0,1,0
Turdoides_caudata,12.5,4.2,5.1,78,28.8,39.65,0,0,0,1,0,0,0,1,0,0,0,0,0,1
Turdoides_earlei,16.2,4.35,6.1,92.5,34.1,47,0,0,0,1,0,0,0,1,0,0,0,0,0,1
Turdoides_longirostris,14.55,3.7,5.05,76,30.2,35,0,0,0,1,0,0,0,1,0,0,0,0,0,1
Turdoides_malcolmi,14.16,4.61,8.23,116.75,36.54,75.7,0,0,0,0,1,0,0,1,0,0,0,0,0,1
Turdoides_nipalensis,14.16,4.75,6.44,89.25,33.48,61,0,1,0,0,0,0,0,1,0,0,0,0,0,1
Turdoides_striata,14.55,5.05,7.225,101.5,37.65,66,0,0,0,0,1,0,0,1,0,0,0,0,0,1
Turdus_albocinctus,16.05,4.866666667,6.65,138.5,35.575,99.4,0,1,0,0,0,0,0,1,0,0,0,0,1,0
Turdus_boulboul,15.67,5.23,6.83,142.2,36.375,97.1,0,1,0,0,0,0,0,1,0,0,0,0,1,0
Turdus_maximus,14.35,5.575,6.7,158,36.475,74.9,0,1,0,0,0,0,0,1,0,0,0,0,0,1
Turdus_rubrocanus,16.14,4.92,6.64,136.4,32.2,92.2,0,1,0,0,0,0,0,1,0,0,0,0,1,0
Turdus_unicolor,12.98333333,4.457142857,5.785714286,121,32.9,64.2,0,1,0,0,0,0,0,1,0,0,0,0,1,0
Turdus_viscivorus,15.13333333,5.8,6.866666667,162.6666667,35.025,117.5,0,1,0,0,0,0,0,1,0,0,0,0,1,0
Tyto_alba,NA,NA,NA,NA,NA,355,0,0,0,0,1,0,1,0,0,0,0,0,0,0
Tyto_longimembris,20.92,11.14,15.37,342.5,94.815,341.5,0,1,0,0,0,0,1,0,0,0,0,0,0,0
Upupa_epops,46.045,5.49,6.015,144.5,24.255,61.4,0,1,0,0,0,0,0,1,0,0,0,0,0,1
Urocissa_erythrorhyncha,24.5375,12.6425,14.395,196.7,47.87,152,0,0,1,0,0,0,0,1,0,0,0,0,1,0
Urocissa_flavirostris,24.37,12.4375,13.335,190,49.01,150.5,0,0,1,0,0,0,0,1,0,0,0,0,1,0
Xiphirhynchus_superciliaris,43.15,2.7,5,77,31.35,28,0,1,0,0,0,0,0,1,0,0,0,0,1,0
Yuhina_bakeri,6.5,3.395,4.025,67,21.79,17.5,0,0,0,0,1,0,0,1,0,0,0,0,1,0
Yuhina_flavicollis,6.7,2.93,3.22,63.2,21.72333333,15.4,0,0,0,0,1,0,0,1,0,0,0,0,1,0
Yuhina_gularis,8.29,3.2,3.13,73.1,23.845,21,0,0,1,0,0,0,0,1,0,0,0,0,1,0
Yuhina_nigrimenta,6.735,2.63,2.515,56,16.395,9.5,0,0,0,0,1,0,0,1,0,0,0,0,1,0
Yuhina_occipitalis,8.16,2.75,2.95,61.5,20.09333333,13,0,0,1,0,0,0,0,1,0,0,0,0,1,0
Zoonavena_sylvatica,3.225,2.6,1.725,112.5,12,13,1,0,0,0,0,0,0,1,0,0,0,0,0,1
Zoothera_citrina,13.55,5.05,6.25,116,31.75,53.3,0,1,0,0,0,0,0,1,0,0,0,0,1,0
Zoothera_dauma,16.4,5.1,6.45,140.5,33.05,138.5,0,1,0,0,0,0,0,1,0,0,0,0,1,0
Zoothera_dixoni,14.4,5.25,5.45,141.5,38.9,90,0,1,0,0,0,0,0,1,0,0,0,0,1,0
Zoothera_marginata,20.525,5.45,6.95,119.5,29.35,81,0,1,0,0,0,0,0,1,0,0,0,0,1,0
Zoothera_mollissima,16.1,5.35,6.05,143.75,36.25,98.2,0,1,0,0,0,0,0,1,0,0,0,0,0,1
Zoothera_monticola,32.35,6.675,9.325,143.75,35.25,126,0,1,0,0,0,0,0,1,0,0,0,0,1,0
Zoothera_wardii,15.95,5.3,5.975,114.5,28.6,58.6,0,1,0,0,0,0,0,1,0,0,0,0,1,0
Zosterops_palpebrosus,6.48,2.31,2.82,52.6,16.6775,8.6,0,0,0,0,1,0,0,1,0,0,0,0,1,0